call_uuid,t0_timestamp,stt_ms,llm_ms,tts_ms,first_frame_ms,total_ms
ff8d3dfd-bd40-4cb3-a933-1157218c1d90,1789758515.7839308,3879,1203,1713,0,6796
8435538f-78e1-4399-9818-8337cdab97cb,1789759047.9319842,350,23885,10575,0,34811
8435538f-78e1-4399-9818-8337cdab97cb,1789759250.1142647,241,6102,13603,0,19945
cb9d0fb6-5b52-471e-abc6-21db00b3b805,1789770220.0130107,860,1244,1203,3308,3308
9fed50fa-369e-4930-b684-e8f504165e78,1789770525.3425503,258,821,3137,2939,4215
928eec87-cd61-4121-825e-fb2ff57a1a90,1789770542.8505461,231,962,2350,2277,3543
0766f128-ab9c-4b59-ad30-50afb84afb89,1789770577.6412163,493,818,2886,2940,4198
35312a79-e5b9-4278-96e8-5fc1134a70da,1789770675.1597464,357,1156,3496,3169,5008
26421629-855e-4f85-8821-aa0d7a6db870,1789772335.324843,1564,2104,3759,5808,7427
26421629-855e-4f85-8821-aa0d7a6db870,1789772364.8687422,295,1292,3097,3255,4685
26421629-855e-4f85-8821-aa0d7a6db870,1789772391.3013525,259,1313,3671,2854,5243
26421629-855e-4f85-8821-aa0d7a6db870,1789772412.521289,257,866,4396,2931,5519
26421629-855e-4f85-8821-aa0d7a6db870,1789772441.1403813,249,1090,3993,2795,5332
26421629-855e-4f85-8821-aa0d7a6db870,1789772466.840299,249,1262,3884,2895,5395
6c10b971-24e1-4ca3-896c-2be171071ca3,1789773196.2790976,868,2431,2775,4772,6074
6c10b971-24e1-4ca3-896c-2be171071ca3,1789773218.0493515,266,302,3553,1741,4120
6c10b971-24e1-4ca3-896c-2be171071ca3,1789773238.3800557,303,268,1137,1707,1707
6c10b971-24e1-4ca3-896c-2be171071ca3,1789773251.6387355,261,291,835,1386,1386
6c10b971-24e1-4ca3-896c-2be171071ca3,1789773262.7974553,272,337,3321,1835,3930
6c10b971-24e1-4ca3-896c-2be171071ca3,1789773286.490256,299,761,1215,2275,2276
6c10b971-24e1-4ca3-896c-2be171071ca3,1789773298.801174,235,932,2594,2617,3762
6c10b971-24e1-4ca3-896c-2be171071ca3,1789773314.7386575,239,340,1133,1712,1713
6c10b971-24e1-4ca3-896c-2be171071ca3,1789773332.457831,274,332,2244,1775,2851
6c10b971-24e1-4ca3-896c-2be171071ca3,1789773347.257234,262,328,2201,1552,2791
6c10b971-24e1-4ca3-896c-2be171071ca3,1789773362.0763373,270,405,3859,2176,4534
6c10b971-24e1-4ca3-896c-2be171071ca3,1789773379.8774593,261,345,2505,1819,3112
6c10b971-24e1-4ca3-896c-2be171071ca3,1789773392.63769,251,436,2615,2204,3302
a329170a-ca6a-4143-a48c-273e557f86a5,1789774444.042403,522,315,2674,1616,3511
a329170a-ca6a-4143-a48c-273e557f86a5,1789774463.6685898,433,356,4118,2063,4907
a329170a-ca6a-4143-a48c-273e557f86a5,1789774488.5671241,404,304,4209,2613,4916
a329170a-ca6a-4143-a48c-273e557f86a5,1789774508.4078305,425,379,2333,2052,3136
a329170a-ca6a-4143-a48c-273e557f86a5,1789774530.771158,916,346,2365,2441,3627
a329170a-ca6a-4143-a48c-273e557f86a5,1789774548.434407,451,307,2483,1509,3241
a329170a-ca6a-4143-a48c-273e557f86a5,1789774562.2494452,1438,355,5773,4421,7566
a329170a-ca6a-4143-a48c-273e557f86a5,1789774585.6506681,1823,331,2327,3195,4481
a329170a-ca6a-4143-a48c-273e557f86a5,1789774598.5533094,406,502,2508,2541,3415
a329170a-ca6a-4143-a48c-273e557f86a5,1789774615.7470813,1310,363,2624,3183,4297
a329170a-ca6a-4143-a48c-273e557f86a5,1789774629.8868983,854,389,1992,2266,3235
a329170a-ca6a-4143-a48c-273e557f86a5,1789774642.2866728,443,347,2237,1981,3027
a329170a-ca6a-4143-a48c-273e557f86a5,1789774655.9253852,342,11130,2506,12969,13978
a329170a-ca6a-4143-a48c-273e557f86a5,1789774682.609004,355,2415,3795,5687,6565
a329170a-ca6a-4143-a48c-273e557f86a5,1789774705.1443138,833,347,1916,2257,3096
a329170a-ca6a-4143-a48c-273e557f86a5,1789774720.1461189,444,1413,2020,3074,3877
a329170a-ca6a-4143-a48c-273e557f86a5,1789774737.0958724,367,3553,1821,4942,5741
6a8ae35f-d469-4430-8db4-fd4ae7258242,1789775136.8223722,447,404,2220,2016,3071
6a8ae35f-d469-4430-8db4-fd4ae7258242,1789775152.7012677,372,378,1662,1604,2412
6a8ae35f-d469-4430-8db4-fd4ae7258242,1789775169.1031473,489,417,2455,2035,3362
6a8ae35f-d469-4430-8db4-fd4ae7258242,1789775187.086001,514,392,2153,1903,3059
6a8ae35f-d469-4430-8db4-fd4ae7258242,1789775202.100777,445,423,3331,2106,4199
6a8ae35f-d469-4430-8db4-fd4ae7258242,1789775220.3196924,539,449,14075,13792,15063
6a8ae35f-d469-4430-8db4-fd4ae7258242,1789775246.3812444,349,376,2187,1683,2913
6a8ae35f-d469-4430-8db4-fd4ae7258242,1789775259.7477775,376,442,3386,1879,4204
6a8ae35f-d469-4430-8db4-fd4ae7258242,1789775277.001585,390,395,1663,1531,2449
6a8ae35f-d469-4430-8db4-fd4ae7258242,1789775289.5602813,359,395,1836,1630,2591
6a8ae35f-d469-4430-8db4-fd4ae7258242,1789775303.2403107,428,384,1702,1541,2514
6a8ae35f-d469-4430-8db4-fd4ae7258242,1789775313.5195594,376,7495,2503,9246,10373
6a8ae35f-d469-4430-8db4-fd4ae7258242,1789775334.1986544,336,29447,2305,31098,32089
6a8ae35f-d469-4430-8db4-fd4ae7258242,1789775378.0989854,457,6597,2167,8221,9221
6a8ae35f-d469-4430-8db4-fd4ae7258242,1789775398.8017647,352,6480,2312,7988,9143
6a8ae35f-d469-4430-8db4-fd4ae7258242,1789775416.7174964,1557,8558,2723,11917,12838
6a8ae35f-d469-4430-8db4-fd4ae7258242,1789775446.2803533,434,1449,2478,3114,4361
6a8ae35f-d469-4430-8db4-fd4ae7258242,1789775461.338392,354,7530,1729,8698,9614
6a8ae35f-d469-4430-8db4-fd4ae7258242,1789775484.3805823,430,6489,1677,7715,8596
6a8ae35f-d469-4430-8db4-fd4ae7258242,1789775507.5575788,425,4531,2569,6027,7524
2d57f2ca-f7fc-42cd-9f44-c0cefc257b66,1789775588.1584122,506,1461,2141,3082,4108
c69707eb-62b4-47ad-b7d7-554a40af3364,1789776527.8655913,1271,622,1736,2862,3629
c69707eb-62b4-47ad-b7d7-554a40af3364,1789776549.1649764,849,407,2535,2600,3792
c69707eb-62b4-47ad-b7d7-554a40af3364,1789776572.105228,361,467,2149,2065,2976
c69707eb-62b4-47ad-b7d7-554a40af3364,1789776591.686132,362,70,1965,1454,2397
c69707eb-62b4-47ad-b7d7-554a40af3364,1789776607.903312,325,89,1487,1172,1901
75349c12-89d0-4793-b7b8-6d9b96292761,1789776634.4104092,325,65,1796,1303,2186
75349c12-89d0-4793-b7b8-6d9b96292761,1789776647.7532833,313,70,1824,1396,2207
c4244386-9589-468c-ab8e-b3468d6868c1,1789777659.2855883,702,562,1173,2437,2437
c4244386-9589-468c-ab8e-b3468d6868c1,1789777673.305422,311,353,2208,1863,2872
c4244386-9589-468c-ab8e-b3468d6868c1,1789777692.9034805,983,397,2458,2856,3838
c4244386-9589-468c-ab8e-b3468d6868c1,1789777709.460253,366,82,1749,1238,2198
c4244386-9589-468c-ab8e-b3468d6868c1,1789777724.805491,354,323,1783,1620,2461
c4244386-9589-468c-ab8e-b3468d6868c1,1789777735.6629605,278,315,1915,1572,2508
c4244386-9589-468c-ab8e-b3468d6868c1,1789777751.050275,298,336,2262,1703,2897
c4244386-9589-468c-ab8e-b3468d6868c1,1789777766.9820766,377,101,1665,1273,2143
c4244386-9589-468c-ab8e-b3468d6868c1,1789777783.3606765,309,81,1681,1339,2071
7f7cce45-1e46-4cf7-9a94-25655641887e,1789777830.6553364,1251,2167,2775,4840,6193
1f67400d-d05e-4f8b-a2fd-31f5fe9fee88,1789777963.5391927,441,1686,2725,3702,4851
1f67400d-d05e-4f8b-a2fd-31f5fe9fee88,1789777990.5059218,382,431,2974,2368,3786
236388d3-61bf-4ef9-bf05-c4b2556ea3f1,1789778066.0327742,332,1458,1896,2813,3686
236388d3-61bf-4ef9-bf05-c4b2556ea3f1,1789778083.3157985,267,302,2331,1425,2900
236388d3-61bf-4ef9-bf05-c4b2556ea3f1,1789778095.0564532,268,351,2013,1328,2632
38b39a8b-868c-4ad4-84c7-1160361f144e,1789778124.2891684,1201,393,4266,2836,5860
38b39a8b-868c-4ad4-84c7-1160361f144e,1789778144.8689735,1529,335,1905,2822,3769
38b39a8b-868c-4ad4-84c7-1160361f144e,1789778160.9885426,1718,389,1681,2927,3788
38b39a8b-868c-4ad4-84c7-1160361f144e,1789778173.8514063,246,331,3041,1438,3618
38b39a8b-868c-4ad4-84c7-1160361f144e,1789778192.1364017,314,384,1742,1499,2439
fe655da9-afee-4b2f-afb0-30cc953ceafe,1789778849.3041868,974,925,2296,2921,4195
fe655da9-afee-4b2f-afb0-30cc953ceafe,1789778872.3072548,490,79,1684,1497,2253
fe655da9-afee-4b2f-afb0-30cc953ceafe,1789778885.291283,292,69,1548,1159,1910
ebab3baf-0434-46ab-b6aa-83e09a842ff9,1789778908.1081598,295,1734,1785,2955,3814
5738b2fe-9e04-412e-8029-13c2ab4d1ec0,1789779185.4100904,706,575,2371,2502,3653
5738b2fe-9e04-412e-8029-13c2ab4d1ec0,1789779200.7561057,267,451,2190,1499,2909
5738b2fe-9e04-412e-8029-13c2ab4d1ec0,1789779217.7555654,413,430,1787,1732,2630
5738b2fe-9e04-412e-8029-13c2ab4d1ec0,1789779233.8829036,331,352,2540,1657,3223
5738b2fe-9e04-412e-8029-13c2ab4d1ec0,1789779252.1557279,306,670,2382,1948,3357
5738b2fe-9e04-412e-8029-13c2ab4d1ec0,1789779266.4784315,258,336,2377,1589,2972
5738b2fe-9e04-412e-8029-13c2ab4d1ec0,1789779282.9767394,313,386,3232,1631,3930
395781b5-713f-45fc-8587-6ff32cbe7870,1789779317.552719,295,768,3834,2097,4897
395781b5-713f-45fc-8587-6ff32cbe7870,1789779337.464581,458,446,2032,2049,2935
395781b5-713f-45fc-8587-6ff32cbe7870,1789779350.674724,338,411,3347,1678,4096
395781b5-713f-45fc-8587-6ff32cbe7870,1789779364.1533628,310,804,2504,2300,3619
395781b5-713f-45fc-8587-6ff32cbe7870,1789779380.755211,269,374,2303,1894,2946
395781b5-713f-45fc-8587-6ff32cbe7870,1789779401.2707648,396,413,1946,1805,2755
395781b5-713f-45fc-8587-6ff32cbe7870,1789779413.3338199,251,1388,2992,2759,4630
e73870d0-25a2-4065-9eee-55d59fbaed9e,1789781058.7427573,971,298,2360,2621,3629
e73870d0-25a2-4065-9eee-55d59fbaed9e,1789781084.4693758,339,364,2160,1558,2864
6069a2ba-f803-4837-a554-96c311736ffb,1789781623.9746234,1178,2539,4,0,3721
a81b140c-b985-4b70-ae03-b8469d014a1f,1789781773.985125,989,2571,3896,4941,7456
52688f9e-97eb-4051-9609-8d19723ff728,1789781836.0456862,334,2070,3161,4048,5566
48bda824-31bc-4be3-b40b-b6b0f7f5c306,1789782035.2820086,1356,688,2333,3166,4377
23d42a2a-cba7-4620-84f0-2b747609f561,1789782057.8319209,334,2279,2940,3893,5553
23d42a2a-cba7-4620-84f0-2b747609f561,1789782072.1342359,306,327,2757,1467,3391
23d42a2a-cba7-4620-84f0-2b747609f561,1789782086.0142415,440,17217,1913,18686,19570
23d42a2a-cba7-4620-84f0-2b747609f561,1789782119.296162,402,17230,1882,18659,19513
c67014a1-98c5-46d7-8303-7cadda3c67ed,1789783059.5950708,1427,2845,2845,5869,7117
c67014a1-98c5-46d7-8303-7cadda3c67ed,1789783084.0730102,384,366,2454,2089,3204
c67014a1-98c5-46d7-8303-7cadda3c67ed,1789783106.7333148,301,1195,2710,2899,4206
c67014a1-98c5-46d7-8303-7cadda3c67ed,1789783130.7134054,377,403,3494,3017,4273
c67014a1-98c5-46d7-8303-7cadda3c67ed,1789783156.1527944,387,384,2441,2025,3212
c67014a1-98c5-46d7-8303-7cadda3c67ed,1789783172.757709,584,337,2188,2163,3109
c67014a1-98c5-46d7-8303-7cadda3c67ed,1789783189.313732,298,1455,3793,3115,5546
c67014a1-98c5-46d7-8303-7cadda3c67ed,1789783221.7727454,351,291,3020,1513,3663
